formation,section,stepTitle,filename,sizeBytes,sourceBlockId
Mon allaitement des premiers jours,Ce que vous devez savoir,Comment bien démarrer votre allaitement ? (60 mn),Allaitement de jumeaux _ Parole de Mamans.pdf,259072,09e3e5d1-0690-4460-92ed-3c19be7a6d6a
Mon allaitement des premiers jours,Ce que vous devez savoir,Comment se passent les premières tétées ?,L'allaitement sans douleur ! _ Parole de Mamans.pdf,171008,ed546c40-8c9f-47bb-8b6d-27924cccace4
Mon allaitement des premiers jours,Ce que vous devez savoir,Pourrai-je allaiter si j’ai eu une césarienne ?,Tout savoir sur la position ballon de rugby _ Santé magazine.pdf,142336,8760c59c-7564-4feb-acbc-8c1f95e2552e
Mon allaitement des premiers jours,Ce que vous devez savoir,Pourrai-je allaiter si j’ai eu une césarienne ?,Césarienne - Doctissimo.pdf,151552,8760c59c-7564-4feb-acbc-8c1f95e2552e
Mon allaitement des premiers jours,Ce que vous devez savoir,Comment se passer des bouts de sein en silicone ?,60_Les bouts de sein en silicone.pdf,715776,c792508a-67ff-4be5-adbc-efd5b15c4e04
Mon allaitement des premiers jours,Ce que vous devez savoir,Comment se passer des bouts de sein en silicone ?,Bouts de sein _ Parents.pdf,138240,c792508a-67ff-4be5-adbc-efd5b15c4e04
Je reprends une activité professionnelle,Maintenir une lactation solide,Comment obtenir plus de lait au tire-lait ?,Tirer son lait _ Journal des femmes.pdf,130048,65cab878-a3a8-4b49-a710-3fc8b4201933
Mon allaitement au fil des mois,Je veux plus de lait,Comment savoir si mon bébé reçoit toujours assez de lait ?,"Je n'ai pas assez de lait, que dois-je faire _ _ Parole de Mamans.pdf",222208,9325c108-422b-4c73-8751-634b50e854e0
Les urgences de l'allaitement,Comment remédier à mes crevasses ?,Comment remédier à mes crevasses ?,Les crevasses - Doctissimo.pdf,147456,4e3e4750-7a11-417d-9ace-04e7b1c2f728
Pack - L'essentiel de l'allaitement,Je me prépare à allaiter,Ce que vous devez savoir,Les conseils pour bien démarrer son allaitement _ Parole de Mamans.pdf,305152,fea34865-2fd9-4280-8317-f607669f52c5
Pack - L'essentiel de l'allaitement,Je me prépare à allaiter,Ce que vous devez savoir,Les bienfaits du peau à peau avec bébé - Santé Magazine.pdf,83968,fea34865-2fd9-4280-8317-f607669f52c5
Pack - L'essentiel de l'allaitement,Je me prépare à allaiter,Comment savoir si mon bébé reçoit assez de lait ?,5_Evaluez votre allaitement.pdf,227328,1dfaf633-3302-4010-8bba-789c4e28194a
Pack - L'essentiel de l'allaitement,Je me prépare à allaiter,Comment ne pas laisser mon compagnon de côté ?,Parents magazine_La place du second parent dans l'allaitement.pdf,82944,e3c8418a-9fa9-4cfc-a399-3518f4075d2c
Pack - L'essentiel de l'allaitement,Je me prépare à allaiter,Quelques idées reçues,CdP - Vaccins-et-immunotherapie.pdf,685056,ace1e172-2f52-4948-a888-6ed7be1260d5
Pack - L'essentiel de l'allaitement,Je me prépare à allaiter,Quelques idées reçues,CdP - Troubles de la glycémie.pdf,13312,ace1e172-2f52-4948-a888-6ed7be1260d5
Pack - L'essentiel de l'allaitement,Je me prépare à allaiter,Quelques idées reçues,Cdp - Tabagisme et produits de substitution.pdf,114688,ace1e172-2f52-4948-a888-6ed7be1260d5
Pack - L'essentiel de l'allaitement,Je me prépare à allaiter,Quelques idées reçues,CdP - Stomatologie et dentisterie.pdf,156672,ace1e172-2f52-4948-a888-6ed7be1260d5
Pack - L'essentiel de l'allaitement,Je me prépare à allaiter,Quelques idées reçues,CdP - Sédatifs et anxiolytiques.pdf,23552,ace1e172-2f52-4948-a888-6ed7be1260d5
Pack - L'essentiel de l'allaitement,Je me prépare à allaiter,Quelques idées reçues,CdP - Pathologies thyroidiennes.pdf,19456,ace1e172-2f52-4948-a888-6ed7be1260d5
Pack - L'essentiel de l'allaitement,Je me prépare à allaiter,Quelques idées reçues,CdP - Ophtalmologie.pdf,205824,ace1e172-2f52-4948-a888-6ed7be1260d5
Pack - L'essentiel de l'allaitement,Je me prépare à allaiter,Quelques idées reçues,Cdp - hyperacidité gastrique.pdf,156672,ace1e172-2f52-4948-a888-6ed7be1260d5
Pack - L'essentiel de l'allaitement,Je me prépare à allaiter,Quelques idées reçues,CdP - Gastro-entérologie 1.pdf,139264,ace1e172-2f52-4948-a888-6ed7be1260d5
Pack - L'essentiel de l'allaitement,Je me prépare à allaiter,Quelques idées reçues,CdP - Corticoides.pdf,748544,ace1e172-2f52-4948-a888-6ed7be1260d5
Pack - L'essentiel de l'allaitement,Je me prépare à allaiter,Quelques idées reçues,CdP - antirhumatismaux - 1.pdf,130048,ace1e172-2f52-4948-a888-6ed7be1260d5
Pack - L'essentiel de l'allaitement,Je me prépare à allaiter,Quelques idées reçues,CdP - Antirhumatismaux - 2.pdf,620544,ace1e172-2f52-4948-a888-6ed7be1260d5
Pack - L'essentiel de l'allaitement,Je me prépare à allaiter,Quelques idées reçues,CdP - antipsychotiques.pdf,256000,ace1e172-2f52-4948-a888-6ed7be1260d5
Pack - L'essentiel de l'allaitement,Je me prépare à allaiter,Quelques idées reçues,CdP - antihistaminiques - rhumes - états grippaux.pdf,945152,ace1e172-2f52-4948-a888-6ed7be1260d5
Pack - L'essentiel de l'allaitement,Je me prépare à allaiter,Quelques idées reçues,CdP - Antimigraineux.pdf,19456,ace1e172-2f52-4948-a888-6ed7be1260d5
Pack - L'essentiel de l'allaitement,Je me prépare à allaiter,Quelques idées reçues,CdP - Antidépresseurs.pdf,14336,ace1e172-2f52-4948-a888-6ed7be1260d5
Pack - L'essentiel de l'allaitement,Je me prépare à allaiter,Quelques idées reçues,CdP - Antidépresseurs IRS.pdf,17408,ace1e172-2f52-4948-a888-6ed7be1260d5
Pack - L'essentiel de l'allaitement,Je me prépare à allaiter,Quelques idées reçues,CdP - Anti-inflammatoires non steroïdiens.pdf,135168,ace1e172-2f52-4948-a888-6ed7be1260d5
Pack - L'essentiel de l'allaitement,Je me prépare à allaiter,Quelques idées reçues,CdP - Anti-épileptiques.pdf,163840,ace1e172-2f52-4948-a888-6ed7be1260d5
Pack - L'essentiel de l'allaitement,Je me prépare à allaiter,Quelques idées reçues,CdP - Analgésiques opiacés.pdf,949248,ace1e172-2f52-4948-a888-6ed7be1260d5
Pack - L'essentiel de l'allaitement,Je me prépare à allaiter,Quelques idées reçues,CdP - Allaitement et régulation des naissances.pdf,84992,ace1e172-2f52-4948-a888-6ed7be1260d5
Pack - L'essentiel de l'allaitement,Je me prépare à allaiter,Quelques idées reçues,CdP - Anesthésiologie.pdf,18432,ace1e172-2f52-4948-a888-6ed7be1260d5
Pack - L'essentiel de l'allaitement,Je me prépare à allaiter,Quelques idées reçues,CdP - Anesthésiologie_2.pdf,19456,ace1e172-2f52-4948-a888-6ed7be1260d5
Pack - L'essentiel de l'allaitement,Je me prépare à allaiter,Dois-je préparer mes seins mes mamelons ?,Les bouts de sein en silicone.pdf,585728,d4d7d318-2c61-4173-b506-a4d944c68d35
Pack - L'essentiel de l'allaitement,Je me prépare à allaiter,Dois-je préparer mes seins mes mamelons ?,Peut-on allaiter avec une hypoplasie mammaire.pdf,123904,d4d7d318-2c61-4173-b506-a4d944c68d35
Pack - L'essentiel de l'allaitement,Je me prépare à allaiter,Y a-t-il des aliments à privilégier et d’autres à éviter,Protocole_ABM-09-Galactogogues.pdf,55296,378f5f67-911d-4910-a9e6-302bc7d23c44
Pack - L'essentiel de l'allaitement,Je me prépare à allaiter,Pourquoi est-ce important d’allaiter ?,11 choses à savoir sur l’allaitement  _ The body optimist.pdf,123904,0a71de30-5352-48ac-8168-d23fd26e257c
Je me prépare à allaiter,Ce que vous devez savoir,Ce que vous devez savoir,Les conseils pour bien démarrer son allaitement _ Parole de Mamans.pdf,305152,e12c9c44-e641-4eb4-9f9e-47a413d6902d
Je me prépare à allaiter,Ce que vous devez savoir,Ce que vous devez savoir,Les bienfaits du peau à peau avec bébé - Santé Magazine.pdf,83968,e12c9c44-e641-4eb4-9f9e-47a413d6902d
Mon allaitement des premiers jours,Les douleurs,Comment endiguer un engorgement,20_L'engorgement.pdf,169984,5385941d-1230-4d1e-b370-3aefee93d408
Mon allaitement des premiers jours,Les douleurs,Comment guérir mes crevasses ?,Les crevasses - Doctissimo.pdf,147456,8061648e-c13b-4e56-ac9d-d478011de235
Mon allaitement des premiers jours,Les douleurs,Comment guérir mes crevasses ?,Allaitement - comment prévenir les crevasses _ _ Parole de Mamans.pdf,164864,8061648e-c13b-4e56-ac9d-d478011de235
Mon allaitement des premiers jours,Les douleurs,Comment soigner une mastite ?,22_La mastite.pdf,181248,68d015ef-655f-44d5-a153-e17f04d38162
Je souhaite sevrer mon bébé,Comment procéder en pratique ?,Comment sevrer mon bébé ?,19_Comment sevrer votre bébé.pdf,252928,0d2bc8ad-c460-4968-ac96-6691a6395396
Mon allaitement au fil des mois,J'ai mal,Comment soigner une mastite ?,22_La mastite.pdf,181248,e21f03c8-b5f9-441a-a87c-2bc3bfece58a
Les urgences de l'allaitement,Comment soigner une mastite ?,Comment soigner une mastite ?,22_La mastite.pdf,181248,ac0c6e73-71ad-48b9-a862-a8342f7f80c6
Les urgences de l'allaitement,Comment soigner une mastite ?,Comment soigner une mastite,22_La mastite.pdf,181248,94f3c5dd-f5b6-4967-aeb6-e15ec5d85968
La diversification de mon bébé allaité,Quand diversifier ?,A quel moment doit-on diversifier son enfant ?,11_La diversification autonome.pdf,176128,54a0c080-e0d9-4193-8d77-070f44f8662b
Pack - L'essentiel de l'allaitement,Mon allaitement des premiers jours,Comment bien démarrer votre allaitement ? (60 mn),Allaitement de jumeaux _ Parole de Mamans.pdf,259072,48976d0a-7706-443e-86f8-744668366a5e
Pack - L'essentiel de l'allaitement,Mon allaitement des premiers jours,Comment se passent les premières tétées ?,L'allaitement sans douleur ! _ Parole de Mamans.pdf,171008,ba2115a8-6bf2-4ae2-9f3c-169043ef338a
Pack - L'essentiel de l'allaitement,Mon allaitement des premiers jours,Pourrai-je allaiter si j’ai eu une césarienne ?,Tout savoir sur la position ballon de rugby _ Santé magazine.pdf,142336,23799be5-9e98-4f8a-a91a-013efb8c522a
Pack - L'essentiel de l'allaitement,Mon allaitement des premiers jours,Pourrai-je allaiter si j’ai eu une césarienne ?,Césarienne - Doctissimo.pdf,151552,23799be5-9e98-4f8a-a91a-013efb8c522a
Pack - L'essentiel de l'allaitement,Mon allaitement des premiers jours,Comment se passer des bouts de sein en silicone ?,60_Les bouts de sein en silicone.pdf,715776,946cccff-8491-49be-bbd1-b1780ef2e8a9
Pack - L'essentiel de l'allaitement,Mon allaitement des premiers jours,Comment se passer des bouts de sein en silicone ?,Bouts de sein _ Parents.pdf,138240,946cccff-8491-49be-bbd1-b1780ef2e8a9
Pack - L'essentiel de l'allaitement,Mon allaitement des premiers jours,Comment endiguer un engorgement,20_L'engorgement.pdf,169984,68359493-77ca-45e9-8fb7-4f12765f763c
Pack - L'essentiel de l'allaitement,Mon allaitement des premiers jours,Comment guérir mes crevasses ?,Les crevasses - Doctissimo.pdf,147456,7e7a07ad-afa1-4d1d-bfae-93994bd825c1
Pack - L'essentiel de l'allaitement,Mon allaitement des premiers jours,Comment guérir mes crevasses ?,Allaitement - comment prévenir les crevasses _ _ Parole de Mamans.pdf,164864,7e7a07ad-afa1-4d1d-bfae-93994bd825c1
Pack - L'essentiel de l'allaitement,Mon allaitement des premiers jours,Comment soigner une mastite ?,22_La mastite.pdf,181248,62515484-94e8-4661-9744-0f3772c1b6fa
Pack - L'essentiel de l'allaitement,Mon allaitement des premiers jours,Comment savoir si mon bébé reçoit assez de lait ?,Parents _ Comment savoir si bébé a fini de téter.pdf,119808,187a3aaa-9a50-4d60-a75d-1a632fa53b61
Pack - L'essentiel de l'allaitement,Mon allaitement des premiers jours,Comment savoir si mon bébé reçoit assez de lait ?,Comment savoir si j'ai assez de lait _ _ Parole de Mamans.pdf,214016,187a3aaa-9a50-4d60-a75d-1a632fa53b61
Pack - L'essentiel de l'allaitement,Mon allaitement des premiers jours,Comment savoir si mon bébé reçoit assez de lait ?,5_Evaluez votre allaitement.pdf,227328,187a3aaa-9a50-4d60-a75d-1a632fa53b61
Pack - L'essentiel de l'allaitement,Mon allaitement des premiers jours,Peut-on rattraper un allaitement mal démarré ?,Doctissimo_Comment réussir son tire-allaitement.pdf,122880,3906e558-414e-4839-8923-94da3ceb8d06
Pack - L'essentiel de l'allaitement,Mon allaitement des premiers jours,Peut-on rattraper un allaitement mal démarré ?,Difficultés d'allaitement _ Journal des femmes.pdf,135168,3906e558-414e-4839-8923-94da3ceb8d06
Pack - L'essentiel de l'allaitement,Mon allaitement des premiers jours,Peut-on rattraper un allaitement mal démarré ?,Faut-il réveiller un bébé pour manger _ Journal des femmes.pdf,94208,3906e558-414e-4839-8923-94da3ceb8d06
Pack - L'essentiel de l'allaitement,Mon allaitement des premiers jours,Des compléments ont été prescrits à mon bébé,"Je n'ai pas assez de lait, que dois-je faire _ _ Parole de Mamans.pdf",222208,43edd8bf-3327-4387-be93-90a0c0fa6a37
Pack - L'essentiel de l'allaitement,Mon allaitement des premiers jours,Des compléments ont été prescrits à mon bébé,6_Votre bébé prend-il suffisamment de poids.pdf,206848,43edd8bf-3327-4387-be93-90a0c0fa6a37
Je me prépare à allaiter,Vos principales préoccupations,Comment savoir si mon bébé reçoit assez de lait ?,5_Evaluez votre allaitement.pdf,227328,95fc576e-a46d-44d8-a7e8-6d913730c41f
Je me prépare à allaiter,Vos principales préoccupations,Comment ne pas laisser mon compagnon de côté ?,Parents magazine_La place du second parent dans l'allaitement.pdf,82944,699e5431-5003-4241-a25b-54ea18c60b24
Mon allaitement des premiers jours,La prise de poids de mon bébé; ma sécrétion lactée,Comment savoir si mon bébé reçoit assez de lait ?,Parents _ Comment savoir si bébé a fini de téter.pdf,119808,26af9648-e2c7-4f89-9202-5dfe49f995b1
Mon allaitement des premiers jours,La prise de poids de mon bébé; ma sécrétion lactée,Comment savoir si mon bébé reçoit assez de lait ?,Comment savoir si j'ai assez de lait _ _ Parole de Mamans.pdf,214016,26af9648-e2c7-4f89-9202-5dfe49f995b1
Mon allaitement des premiers jours,La prise de poids de mon bébé; ma sécrétion lactée,Comment savoir si mon bébé reçoit assez de lait ?,5_Evaluez votre allaitement.pdf,227328,26af9648-e2c7-4f89-9202-5dfe49f995b1
Mon allaitement des premiers jours,La prise de poids de mon bébé; ma sécrétion lactée,Peut-on rattraper un allaitement mal démarré ?,Doctissimo_Comment réussir son tire-allaitement.pdf,122880,7eeb70e2-050d-482c-8b3a-bbcfb3179e87
Mon allaitement des premiers jours,La prise de poids de mon bébé; ma sécrétion lactée,Peut-on rattraper un allaitement mal démarré ?,Difficultés d'allaitement _ Journal des femmes.pdf,135168,7eeb70e2-050d-482c-8b3a-bbcfb3179e87
Mon allaitement des premiers jours,La prise de poids de mon bébé; ma sécrétion lactée,Peut-on rattraper un allaitement mal démarré ?,Faut-il réveiller un bébé pour manger _ Journal des femmes.pdf,94208,7eeb70e2-050d-482c-8b3a-bbcfb3179e87
Mon allaitement des premiers jours,La prise de poids de mon bébé; ma sécrétion lactée,Des compléments ont été prescrits à mon bébé,"Je n'ai pas assez de lait, que dois-je faire _ _ Parole de Mamans.pdf",222208,101a1c13-407f-4975-aff2-4ab768e97726
Mon allaitement des premiers jours,La prise de poids de mon bébé; ma sécrétion lactée,Des compléments ont été prescrits à mon bébé,6_Votre bébé prend-il suffisamment de poids.pdf,206848,101a1c13-407f-4975-aff2-4ab768e97726
Je reprends une activité professionnelle,Prendre soin de mon bébé en mon absence,"Refus du biberon, premières pistes",9_Donner son lait autrement qu'au sein.pdf,296960,db5c1fec-01b1-4041-8eca-131025ae48f0
Je reprends une activité professionnelle,Prendre soin de mon bébé en mon absence,Que faire si mon bébé refuse le biberon ?,Allaitement et travail - Mon bébé refuse le biberon.pdf,26476544,a67e915b-0db1-475e-91cf-ac9a8cc1d5f0
Je reprends une activité professionnelle,Prendre soin de mon bébé en mon absence,Que faire si mon bébé refuse le biberon ?,14_Maintenir sa lactation quand on reprend le travail.pdf,376832,a67e915b-0db1-475e-91cf-ac9a8cc1d5f0
Je reprends une activité professionnelle,Prendre soin de mon bébé en mon absence,Quelles quantités de lait pour mon bébé ?,Allaiter et travail - Quelles quantités de lait.pdf,9332326,bece9a90-c81c-40c0-a377-1d56c265c522
Mon allaitement au fil des mois,Je suis inquiète pour mon bébé,Comment évoluent les besoins de mon bébé,6_Votre bébé prend-il suffisamment de poids.pdf,206848,02f4d93c-ffa0-4c87-8a78-563ce8693984
Mon allaitement au fil des mois,Je suis inquiète pour mon bébé,Qu’est-ce qu’un pic de croissance ?,Pics de croissance _ Doctissimo.pdf,136192,a4acc19b-b7f5-4044-b823-3e2d5a18d360
Mon allaitement au fil des mois,Je suis inquiète pour mon bébé,Les couches de mon bébé allaité,Les couches de mon bébé allaité.pdf,34435236,c4acde69-2fab-46c6-bd8a-cc9f438eeea5
Les urgences de l'allaitement,Comment endiguer un engorgement ?,Comment endiguer un engorgement ?,20_L'engorgement.pdf,169984,3f1d4d40-c16b-4b5f-9be4-68687a93e2b0
La diversification de mon bébé allaité,Comment diversifier ?,Qu’est-ce que la Diversification Menée par l’Enfant ?,11_La diversification autonome.pdf,176128,9ea9e02f-f20e-408d-b4cb-5d1ca88dc19b
Pack - L'essentiel de l'allaitement,Mon allaitement au fil des mois,Comment savoir si mon bébé reçoit toujours assez de lait ?,"Je n'ai pas assez de lait, que dois-je faire _ _ Parole de Mamans.pdf",222208,007917a2-fb12-4ed4-9b26-1eb8e8a65e80
Pack - L'essentiel de l'allaitement,Mon allaitement au fil des mois,Comment soigner une mastite ?,22_La mastite.pdf,181248,b6662cf0-3ff8-4414-a0ac-9b6f7a230cb6
Pack - L'essentiel de l'allaitement,Mon allaitement au fil des mois,Comment évoluent les besoins de mon bébé,6_Votre bébé prend-il suffisamment de poids.pdf,206848,1d6ae820-99cc-408f-aa37-007b70bace04
Pack - L'essentiel de l'allaitement,Mon allaitement au fil des mois,Qu’est-ce qu’un pic de croissance ?,Pics de croissance _ Doctissimo.pdf,136192,d1368a65-64cf-412e-9bcb-0f4033e93d62
Pack - L'essentiel de l'allaitement,Mon allaitement au fil des mois,Les couches de mon bébé allaité,Les couches de mon bébé allaité.pdf,34435236,84aee4ae-c89a-4b89-b4af-b2da7696fc41
Pack - L'essentiel de l'allaitement,Mon allaitement au fil des mois,Comment résoudre une grève de la tétée ?,12_Le refus du sein & la grève de la tétée.pdf,235520,152300b9-35a6-44f6-9f38-93229b6a41b3
Pack - L'essentiel de l'allaitement,Mon allaitement au fil des mois,Lactation induite et relactation,Magic Maman _ Lactation induite - relactation.pdf,33792,d9e12804-ab21-45d4-a926-e7185820df43
Pack - L'essentiel de l'allaitement,Mon allaitement au fil des mois,Mon bébé ne fait pas ses nuits,27_Le sommeil des bébés.pdf,357376,2966d685-f0b4-48dc-ba84-932fb89cd92d
Je me prépare à allaiter,Quelques idées reçues,Quelques idées reçues,CdP - Vaccins-et-immunotherapie.pdf,685056,818c248e-db9c-401e-8562-c1b39e14d0ea
Je me prépare à allaiter,Quelques idées reçues,Quelques idées reçues,CdP - Troubles de la glycémie.pdf,13312,818c248e-db9c-401e-8562-c1b39e14d0ea
Je me prépare à allaiter,Quelques idées reçues,Quelques idées reçues,Cdp - Tabagisme et produits de substitution.pdf,114688,818c248e-db9c-401e-8562-c1b39e14d0ea
Je me prépare à allaiter,Quelques idées reçues,Quelques idées reçues,CdP - Stomatologie et dentisterie.pdf,156672,818c248e-db9c-401e-8562-c1b39e14d0ea
Je me prépare à allaiter,Quelques idées reçues,Quelques idées reçues,CdP - Sédatifs et anxiolytiques.pdf,23552,818c248e-db9c-401e-8562-c1b39e14d0ea
Je me prépare à allaiter,Quelques idées reçues,Quelques idées reçues,CdP - Pathologies thyroidiennes.pdf,19456,818c248e-db9c-401e-8562-c1b39e14d0ea
Je me prépare à allaiter,Quelques idées reçues,Quelques idées reçues,CdP - Ophtalmologie.pdf,205824,818c248e-db9c-401e-8562-c1b39e14d0ea
Je me prépare à allaiter,Quelques idées reçues,Quelques idées reçues,Cdp - hyperacidité gastrique.pdf,156672,818c248e-db9c-401e-8562-c1b39e14d0ea
Je me prépare à allaiter,Quelques idées reçues,Quelques idées reçues,CdP - Gastro-entérologie 1.pdf,139264,818c248e-db9c-401e-8562-c1b39e14d0ea
Je me prépare à allaiter,Quelques idées reçues,Quelques idées reçues,CdP - Corticoides.pdf,748544,818c248e-db9c-401e-8562-c1b39e14d0ea
Je me prépare à allaiter,Quelques idées reçues,Quelques idées reçues,CdP - antirhumatismaux - 1.pdf,130048,818c248e-db9c-401e-8562-c1b39e14d0ea
Je me prépare à allaiter,Quelques idées reçues,Quelques idées reçues,CdP - Antirhumatismaux - 2.pdf,620544,818c248e-db9c-401e-8562-c1b39e14d0ea
Je me prépare à allaiter,Quelques idées reçues,Quelques idées reçues,CdP - antipsychotiques.pdf,256000,818c248e-db9c-401e-8562-c1b39e14d0ea
Je me prépare à allaiter,Quelques idées reçues,Quelques idées reçues,CdP - antihistaminiques - rhumes - états grippaux.pdf,945152,818c248e-db9c-401e-8562-c1b39e14d0ea
Je me prépare à allaiter,Quelques idées reçues,Quelques idées reçues,CdP - Antimigraineux.pdf,19456,818c248e-db9c-401e-8562-c1b39e14d0ea
Je me prépare à allaiter,Quelques idées reçues,Quelques idées reçues,CdP - Antidépresseurs.pdf,14336,818c248e-db9c-401e-8562-c1b39e14d0ea
Je me prépare à allaiter,Quelques idées reçues,Quelques idées reçues,CdP - Antidépresseurs IRS.pdf,17408,818c248e-db9c-401e-8562-c1b39e14d0ea
Je me prépare à allaiter,Quelques idées reçues,Quelques idées reçues,CdP - Anti-inflammatoires non steroïdiens.pdf,135168,818c248e-db9c-401e-8562-c1b39e14d0ea
Je me prépare à allaiter,Quelques idées reçues,Quelques idées reçues,CdP - Anti-épileptiques.pdf,163840,818c248e-db9c-401e-8562-c1b39e14d0ea
Je me prépare à allaiter,Quelques idées reçues,Quelques idées reçues,CdP - Analgésiques opiacés.pdf,949248,818c248e-db9c-401e-8562-c1b39e14d0ea
Je me prépare à allaiter,Quelques idées reçues,Quelques idées reçues,CdP - Allaitement et régulation des naissances.pdf,84992,818c248e-db9c-401e-8562-c1b39e14d0ea
Je me prépare à allaiter,Quelques idées reçues,Quelques idées reçues,CdP - Anesthésiologie.pdf,18432,818c248e-db9c-401e-8562-c1b39e14d0ea
Je me prépare à allaiter,Quelques idées reçues,Quelques idées reçues,CdP - Anesthésiologie_2.pdf,19456,818c248e-db9c-401e-8562-c1b39e14d0ea
Je me prépare à allaiter,Quelques idées reçues,Dois-je préparer mes seins mes mamelons ?,Les bouts de sein en silicone.pdf,585728,98098340-55d8-4c1e-97ef-82038ba2e74b
Je me prépare à allaiter,Quelques idées reçues,Dois-je préparer mes seins mes mamelons ?,Peut-on allaiter avec une hypoplasie mammaire.pdf,123904,98098340-55d8-4c1e-97ef-82038ba2e74b
Je me prépare à allaiter,Quelques idées reçues,Y a-t-il des aliments à privilégier et d’autres à éviter,Protocole_ABM-09-Galactogogues.pdf,55296,5d8087dd-3179-4522-9f88-dd08fcde3c36
Je reprends une activité professionnelle,"Mon entourage : hiérarchie, modes de garde",Mon bébé a besoin de prendre un médicament sans ordonnance,Justificatif de prise d'un médicament courant.pdf,39936,f8280b45-cb7b-4576-ba29-ef75131314a5
Mon allaitement au fil des mois,Mon bébé est agité,Comment résoudre une grève de la tétée ?,12_Le refus du sein & la grève de la tétée.pdf,235520,e1a3e027-cd81-426a-b39a-54dd312ef172
Les urgences de l'allaitement,Comment endiguer un canal bouché,Comment endiguer un canal lactifère bouché,21_Les canaux lactifères bouchés.pdf,173056,6e8e001f-c079-4785-88d5-1d55089d99d4
Pack - L'essentiel de l'allaitement,La diversification de mon bébé allaité,A quel moment doit-on diversifier son enfant ?,11_La diversification autonome.pdf,176128,482608b8-7509-469f-a594-44eb33b1d44b
Pack - L'essentiel de l'allaitement,La diversification de mon bébé allaité,Qu’est-ce que la Diversification Menée par l’Enfant ?,11_La diversification autonome.pdf,176128,509a0b19-6661-425f-b4c6-1d48c7b512f4
Je me prépare à allaiter,Bonus,Pourquoi est-ce important d’allaiter ?,11 choses à savoir sur l’allaitement  _ The body optimist.pdf,123904,7260442f-49a3-4c54-b318-bcf370af90c9
Je souhaite sevrer mon bébé,Et c'était une grève de la tétée ?,"Le refus spontané du sein, ou « grève de la tétée »",12_Le refus du sein & la grève de la tétée.pdf,235520,c32e821e-7907-4854-b4e6-e68bc3889faf
Mon allaitement au fil des mois,Je suis inquiète pour mon allaitement,Lactation induite et relactation,Magic Maman _ Lactation induite - relactation.pdf,33792,f5453630-717a-46dd-939b-7ad94ae82695
Mon bébé ne fait pas ses nuits,Favoriser l'endormissement,Le “menu du coucher”,Menu du coucher.png,1887437,d0e47902-ba12-4b0d-831f-50163aaf4402
Pack - L'essentiel de l'allaitement,Je reprends une activité professionnelle,Comment obtenir plus de lait au tire-lait ?,Tirer son lait _ Journal des femmes.pdf,130048,7c1f3fa2-315a-4d04-817d-6156134582b4
Pack - L'essentiel de l'allaitement,Je reprends une activité professionnelle,"Refus du biberon, premières pistes",9_Donner son lait autrement qu'au sein.pdf,296960,81fab063-53d2-4e93-9d1c-dfea06a88ae5
Pack - L'essentiel de l'allaitement,Je reprends une activité professionnelle,Que faire si mon bébé refuse le biberon ?,Allaitement et travail - Mon bébé refuse le biberon.pdf,26476544,a583fdc0-dabd-49a4-b843-f24648339f48
Pack - L'essentiel de l'allaitement,Je reprends une activité professionnelle,Que faire si mon bébé refuse le biberon ?,14_Maintenir sa lactation quand on reprend le travail.pdf,376832,a583fdc0-dabd-49a4-b843-f24648339f48
Pack - L'essentiel de l'allaitement,Je reprends une activité professionnelle,Quelles quantités de lait pour mon bébé ?,Allaiter et travail - Quelles quantités de lait.pdf,9332326,c4fbed83-3ba6-46c4-9623-6cf0d7823df2
Pack - L'essentiel de l'allaitement,Je reprends une activité professionnelle,Mon bébé a besoin de prendre un médicament sans ordonnance,Justificatif de prise d'un médicament courant.pdf,39936,f14798e1-0f91-4e79-8863-4e0164c9e380
Mon allaitement au fil des mois,Mon quotidien,Mon bébé ne fait pas ses nuits,27_Le sommeil des bébés.pdf,357376,cf863952-cc15-4a05-bc00-b39991f6263b
Pack - L'essentiel de l'allaitement,Je souhaite sevrer mon bébé,Comment sevrer mon bébé ?,19_Comment sevrer votre bébé.pdf,252928,0ea5945f-6a8f-4b33-a6b0-f61fe62aa5db
Pack - L'essentiel de l'allaitement,Je souhaite sevrer mon bébé,"Le refus spontané du sein, ou « grève de la tétée »",12_Le refus du sein & la grève de la tétée.pdf,235520,4724397d-1c7d-4c2f-b65a-94fb835263de
Pack - L'essentiel de l'allaitement,Mon bébé ne fait pas ses nuits,Le “menu du coucher”,Menu du coucher.png,1887437,95e5a39f-de65-49ef-ba69-f79ebfa890b8
